Date,Text,Link(s),Media URL(s)
,"كلوب – بني ✨

محفظة أنيقة بحجم صغير ولمسة لافتة، صُممت لتناسب الأناقة لكل يوم. مصنوعة من جلد بنقشة جلد التمساح، مع تصميم انسيابي أنيق، وتفاصيل سحاب ذهبي وشعار الماركة في الواجهة. تكتمل بتعليقة ذهبية مزدوجة تضيف لمسة فاخرة ناعمة. الخيار المثالي لوضعها داخل حقيبتك المفضلة.

▫️ السعر: 120 ر.س
▫️ للطلب والاستفسار: تواصلوا معنا عبر الرسائل الخاصة (DM) 📩

#حقائب_نسائية #شنط #أناقة #NorahAlZahrani #موضة",,"https://d1q03ajwgi7cv2.cloudfront.net/media/catalog/product//cache/7979606d890c211479dc7a080f45fccc/d/u/du-klub-0028500110022509_front.jpg, https://d1q03ajwgi7cv2.cloudfront.net/media/catalog/product//d/u/du-klub-0028500110022509_detail.jpg, https://d1q03ajwgi7cv2.cloudfront.net/media/catalog/product//d/u/du-klub-0028500110022509_back.jpg, https://d1q03ajwgi7cv2.cloudfront.net/media/catalog/product//d/u/du-klub-0028500110022509_side.jpg, https://d1q03ajwgi7cv2.cloudfront.net/media/catalog/product//d/u/du-klub-0028500110022509_top.jpg"
,"كلوب – أبيض ✨

محفظة أنيقة بحجم صغير ولمسة لافتة، صُممت لتناسب الأناقة لكل يوم. مصنوعة من جلد بنقشة جلد التمساح، مع تصميم انسيابي أنيق، وتفاصيل سحاب ذهبي وشعار الماركة في الواجهة. تكتمل بتعليقة ذهبية مزدوجة تضيف لمسة فاخرة ناعمة. الخيار المثالي لوضعها داخل حقيبتك المفضلة.

▫️ السعر: 100 ر.س
▫️ للطلب والاستفسار: تواصلوا معنا عبر الرسائل الخاصة (DM) 📩

#حقائب_نسائية #شنط #أناقة #NorahAlZahrani #موضة",,"https://d1q03ajwgi7cv2.cloudfront.net/media/catalog/product//cache/7979606d890c211479dc7a080f45fccc/d/u/du-klub-0028500110022487_front.jpg, https://d1q03ajwgi7cv2.cloudfront.net/media/catalog/product//d/u/du-klub-0028500110022487_detail.jpg, https://d1q03ajwgi7cv2.cloudfront.net/media/catalog/product//d/u/du-klub-0028500110022487_back.jpg, https://d1q03ajwgi7cv2.cloudfront.net/media/catalog/product//d/u/du-klub-0028500110022487_side.jpg, https://d1q03ajwgi7cv2.cloudfront.net/media/catalog/product//d/u/du-klub-0028500110022487_top.jpg"
,"كلوب – بيج ✨

محفظة أنيقة بحجم صغير ولمسة لافتة، صُممت لتناسب الأناقة لكل يوم. مصنوعة من جلد بنقشة جلد التمساح، مع تصميم انسيابي أنيق، وتفاصيل سحاب ذهبي وشعار الماركة في الواجهة. تكتمل بتعليقة ذهبية مزدوجة تضيف لمسة فاخرة ناعمة. الخيار المثالي لوضعها داخل حقيبتك المفضلة.

▫️ السعر: 100 ر.س
▫️ للطلب والاستفسار: تواصلوا معنا عبر الرسائل الخاصة (DM) 📩

#حقائب_نسائية #شنط #أناقة #NorahAlZahrani #موضة",,"https://d1q03ajwgi7cv2.cloudfront.net/media/catalog/product//cache/7979606d890c211479dc7a080f45fccc/d/u/du-klub-0028500110022149_front.jpg, https://d1q03ajwgi7cv2.cloudfront.net/media/catalog/product//d/u/du-klub-0028500110022149_detail.jpg, https://d1q03ajwgi7cv2.cloudfront.net/media/catalog/product//d/u/du-klub-0028500110022149_back.jpg, https://d1q03ajwgi7cv2.cloudfront.net/media/catalog/product//d/u/du-klub-0028500110022149_side.jpg, https://d1q03ajwgi7cv2.cloudfront.net/media/catalog/product//d/u/du-klub-0028500110022149_top.jpg"
,"كيمبل – بيج ✨

محفظة كوتس من القطع الأساسية لكل يوم، تتميز بتصميم أنيق مع فتحات متعددة للنقود والبطاقات، وجيب مخصص للعملات بسحاب. تكتمل بتفاصيل معدنية وزخارف مسامير تضيف لمسة عصرية جذابة.

▫️ السعر: 100 ر.س
▫️ للطلب والاستفسار: تواصلوا معنا عبر الرسائل الخاصة (DM) 📩

#حقائب_نسائية #شنط #أناقة #NorahAlZahrani #موضة",,"https://d1q03ajwgi7cv2.cloudfront.net/media/catalog/product//cache/7979606d890c211479dc7a080f45fccc/d/u/du-kimble-0028500110028843_front.jpg, https://d1q03ajwgi7cv2.cloudfront.net/media/catalog/product//d/u/du-kimble-0028500110028843_detail.jpg, https://d1q03ajwgi7cv2.cloudfront.net/media/catalog/product//d/u/du-kimble-0028500110028843_back.jpg, https://d1q03ajwgi7cv2.cloudfront.net/media/catalog/product//d/u/du-kimble-0028500110028843_side.jpg, https://d1q03ajwgi7cv2.cloudfront.net/media/catalog/product//d/u/du-kimble-0028500110028843_top.jpg"
,"كيلسي - أسود ✨

تجمع محفظة كيلسي بين تصميم الموسم والتفاصيل الراقية الأنيقة. تأتي من الداخل مع تقسيمات عملية تحافظ على تنظيم أغراضك، مع فتحات مخصصة للبطاقات، وجيب للنقود، وجيب بسحاب لحفظ العملات المعدنية. وتكتمل بشعار ذهبي بارز مع قفل مغناطيسي أنيق، مما يجعلها الإكسسوار المثالي للاستخدام اليومي ولمظهر عملي فاخر.

▫️ السعر: 170 ر.س
▫️ للطلب والاستفسار: تواصلوا معنا عبر الرسائل الخاصة (DM) 📩

#حقائب_نسائية #شنط #أناقة #NorahAlZahrani #موضة",,"https://d1q03ajwgi7cv2.cloudfront.net/media/catalog/product//cache/7979606d890c211479dc7a080f45fccc/d/u/du-kelsey-0028500110019038_front.jpg, https://d1q03ajwgi7cv2.cloudfront.net/media/catalog/product//d/u/du-kelsey-0028500110019038_back.jpg, https://d1q03ajwgi7cv2.cloudfront.net/media/catalog/product//d/u/du-kelsey-0028500110019038_detail.jpg, https://d1q03ajwgi7cv2.cloudfront.net/media/catalog/product//d/u/du-kelsey-0028500110019038_side.jpg, https://d1q03ajwgi7cv2.cloudfront.net/media/catalog/product//k/e/kelsey-0028500110019459_model.jpg"
